file,class,method,variable,usage
/projects3/poi/src/examples/src/org/apache/poi/xssf/eventusermodel/XLSX2CSV.java,org.apache.poi.xssf.eventusermodel.XLSX2CSV$SheetToCSV,startRow/1[int],currentCol,1
/projects3/poi/src/examples/src/org/apache/poi/xssf/eventusermodel/XLSX2CSV.java,org.apache.poi.xssf.eventusermodel.XLSX2CSV$SheetToCSV,startRow/1[int],firstCellOfRow,1
/projects3/poi/src/examples/src/org/apache/poi/xssf/eventusermodel/XLSX2CSV.java,org.apache.poi.xssf.eventusermodel.XLSX2CSV$SheetToCSV,startRow/1[int],currentRow,2
/projects3/poi/src/examples/src/org/apache/poi/xssf/eventusermodel/XLSX2CSV.java,org.apache.poi.xssf.eventusermodel.XLSX2CSV$SheetToCSV,"cell/3[java.lang.String,java.lang.String,org.apache.poi.xssf.eventusermodel.XSSFComment]",currentCol,3
/projects3/poi/src/examples/src/org/apache/poi/xssf/eventusermodel/XLSX2CSV.java,org.apache.poi.xssf.eventusermodel.XLSX2CSV$SheetToCSV,"cell/3[java.lang.String,java.lang.String,org.apache.poi.xssf.eventusermodel.XSSFComment]",firstCellOfRow,2
/projects3/poi/src/examples/src/org/apache/poi/xssf/eventusermodel/XLSX2CSV.java,org.apache.poi.xssf.eventusermodel.XLSX2CSV$SheetToCSV,"cell/3[java.lang.String,java.lang.String,org.apache.poi.xssf.eventusermodel.XSSFComment]",currentRow,1
/projects3/poi/src/examples/src/org/apache/poi/xssf/eventusermodel/XLSX2CSV.java,org.apache.poi.xssf.eventusermodel.XLSX2CSV$SheetToCSV,endRow/1[int],currentCol,1
/projects3/poi/src/examples/src/org/apache/poi/xssf/eventusermodel/XLSX2CSV.java,org.apache.poi.xssf.eventusermodel.XLSX2CSV,process/0,output,2
/projects3/poi/src/examples/src/org/apache/poi/xssf/eventusermodel/XLSX2CSV.java,org.apache.poi.xssf.eventusermodel.XLSX2CSV,process/0,xlsxPackage,2
/projects3/poi/src/examples/src/org/apache/poi/xssf/eventusermodel/XLSX2CSV.java,org.apache.poi.xssf.eventusermodel.XLSX2CSV,"XLSX2CSV/3[org.apache.poi.xssf.eventusermodel.OPCPackage,java.io.PrintStream,int]",output,3
/projects3/poi/src/examples/src/org/apache/poi/xssf/eventusermodel/XLSX2CSV.java,org.apache.poi.xssf.eventusermodel.XLSX2CSV,"XLSX2CSV/3[org.apache.poi.xssf.eventusermodel.OPCPackage,java.io.PrintStream,int]",xlsxPackage,1
/projects3/poi/src/examples/src/org/apache/poi/xssf/eventusermodel/XLSX2CSV.java,org.apache.poi.xssf.eventusermodel.XLSX2CSV,"XLSX2CSV/3[org.apache.poi.xssf.eventusermodel.OPCPackage,java.io.PrintStream,int]",minColumns,3
/projects3/poi/src/examples/src/org/apache/poi/xssf/eventusermodel/examples/FromHowTo.java,org.apache.poi.xssf.eventusermodel.examples.FromHowTo$SheetHandler$LruCache,"removeEldestEntry/1[java.util.Map.Entry<A,B>]",maxEntries,1
/projects3/poi/src/examples/src/org/apache/poi/xssf/eventusermodel/examples/FromHowTo.java,org.apache.poi.xssf.eventusermodel.examples.FromHowTo$SheetHandler$LruCache,LruCache/1[int],maxEntries,4
/projects3/poi/src/examples/src/org/apache/poi/xssf/eventusermodel/examples/FromHowTo.java,org.apache.poi.xssf.eventusermodel.examples.FromHowTo$SheetHandler,"characters/3[char[],int,int]",lastContents,1
/projects3/poi/src/examples/src/org/apache/poi/xssf/eventusermodel/examples/FromHowTo.java,org.apache.poi.xssf.eventusermodel.examples.FromHowTo$SheetHandler,"endElement/3[java.lang.String,java.lang.String,java.lang.String]",lastContents,6
/projects3/poi/src/examples/src/org/apache/poi/xssf/eventusermodel/examples/FromHowTo.java,org.apache.poi.xssf.eventusermodel.examples.FromHowTo$SheetHandler,"endElement/3[java.lang.String,java.lang.String,java.lang.String]",nextIsString,2
/projects3/poi/src/examples/src/org/apache/poi/xssf/eventusermodel/examples/FromHowTo.java,org.apache.poi.xssf.eventusermodel.examples.FromHowTo$SheetHandler,"endElement/3[java.lang.String,java.lang.String,java.lang.String]",sst,1
/projects3/poi/src/examples/src/org/apache/poi/xssf/eventusermodel/examples/FromHowTo.java,org.apache.poi.xssf.eventusermodel.examples.FromHowTo$SheetHandler,"endElement/3[java.lang.String,java.lang.String,java.lang.String]",inlineStr,1
/projects3/poi/src/examples/src/org/apache/poi/xssf/eventusermodel/examples/FromHowTo.java,org.apache.poi.xssf.eventusermodel.examples.FromHowTo$SheetHandler,"endElement/3[java.lang.String,java.lang.String,java.lang.String]",lruCache,3
/projects3/poi/src/examples/src/org/apache/poi/xssf/eventusermodel/examples/FromHowTo.java,org.apache.poi.xssf.eventusermodel.examples.FromHowTo$SheetHandler,"startElement/4[java.lang.String,java.lang.String,java.lang.String,org.xml.sax.Attributes]",lastContents,1
/projects3/poi/src/examples/src/org/apache/poi/xssf/eventusermodel/examples/FromHowTo.java,org.apache.poi.xssf.eventusermodel.examples.FromHowTo$SheetHandler,"startElement/4[java.lang.String,java.lang.String,java.lang.String,org.xml.sax.Attributes]",nextIsString,1
/projects3/poi/src/examples/src/org/apache/poi/xssf/eventusermodel/examples/FromHowTo.java,org.apache.poi.xssf.eventusermodel.examples.FromHowTo$SheetHandler,"startElement/4[java.lang.String,java.lang.String,java.lang.String,org.xml.sax.Attributes]",inlineStr,1
/projects3/poi/src/examples/src/org/apache/poi/xssf/eventusermodel/examples/FromHowTo.java,org.apache.poi.xssf.eventusermodel.examples.FromHowTo$SheetHandler,SheetHandler/1[org.apache.poi.xssf.eventusermodel.examples.SharedStringsTable],sst,3
/projects3/poi/src/examples/src/org/apache/poi/xssf/usermodel/examples/ExcelChartWithTargetLine.java,org.apache.poi.xssf.usermodel.examples.ExcelChartWithTargetLine,"createChart/4[org.apache.poi.xssf.usermodel.examples.XSSFChart,org.apache.poi.xssf.usermodel.examples.XSSFSheet,int[],double]",NUM_OF_ROWS,2
/projects3/poi/src/examples/src/org/apache/poi/xssf/usermodel/examples/ExcelChartWithTargetLine.java,org.apache.poi.xssf.usermodel.examples.ExcelChartWithTargetLine,main/1[java.lang.String[]],NUM_OF_ROWS,1
/projects3/poi/src/examples/src/org/apache/poi/xssf/usermodel/examples/BarAndLineChart.java,org.apache.poi.xssf.usermodel.examples.BarAndLineChart,main/1[java.lang.String[]],RNG,2
/projects3/poi/src/examples/src/org/apache/poi/xssf/usermodel/examples/BarAndLineChart.java,org.apache.poi.xssf.usermodel.examples.BarAndLineChart,main/1[java.lang.String[]],NUM_OF_ROWS,4
/projects3/poi/src/examples/src/org/apache/poi/xssf/usermodel/examples/BigGridDemo.java,org.apache.poi.xssf.usermodel.examples.BigGridDemo$SpreadsheetWriter,"createCell/3[int,double,int]",_out,5
/projects3/poi/src/examples/src/org/apache/poi/xssf/usermodel/examples/BigGridDemo.java,org.apache.poi.xssf.usermodel.examples.BigGridDemo$SpreadsheetWriter,"createCell/3[int,double,int]",_rownum,1
/projects3/poi/src/examples/src/org/apache/poi/xssf/usermodel/examples/BigGridDemo.java,org.apache.poi.xssf.usermodel.examples.BigGridDemo$SpreadsheetWriter,SpreadsheetWriter/1[java.io.Writer],_out,1
/projects3/poi/src/examples/src/org/apache/poi/xssf/usermodel/examples/BigGridDemo.java,org.apache.poi.xssf.usermodel.examples.BigGridDemo$SpreadsheetWriter,insertRow/1[int],_out,1
/projects3/poi/src/examples/src/org/apache/poi/xssf/usermodel/examples/BigGridDemo.java,org.apache.poi.xssf.usermodel.examples.BigGridDemo$SpreadsheetWriter,insertRow/1[int],_rownum,1
/projects3/poi/src/examples/src/org/apache/poi/xssf/usermodel/examples/BigGridDemo.java,org.apache.poi.xssf.usermodel.examples.BigGridDemo$SpreadsheetWriter,beginSheet/0,_out,2
/projects3/poi/src/examples/src/org/apache/poi/xssf/usermodel/examples/BigGridDemo.java,org.apache.poi.xssf.usermodel.examples.BigGridDemo$SpreadsheetWriter,endRow/0,_out,1
/projects3/poi/src/examples/src/org/apache/poi/xssf/usermodel/examples/BigGridDemo.java,org.apache.poi.xssf.usermodel.examples.BigGridDemo$SpreadsheetWriter,"createCell/3[int,java.lang.String,int]",_out,5
/projects3/poi/src/examples/src/org/apache/poi/xssf/usermodel/examples/BigGridDemo.java,org.apache.poi.xssf.usermodel.examples.BigGridDemo$SpreadsheetWriter,"createCell/3[int,java.lang.String,int]",_rownum,1
/projects3/poi/src/examples/src/org/apache/poi/xssf/usermodel/examples/BigGridDemo.java,org.apache.poi.xssf.usermodel.examples.BigGridDemo$SpreadsheetWriter,endSheet/0,_out,2
/projects3/poi/src/examples/src/org/apache/poi/xssf/usermodel/examples/BigGridDemo.java,org.apache.poi.xssf.usermodel.examples.BigGridDemo,"generate/2[java.io.Writer,java.util.Map<java.lang.String,org.apache.poi.xssf.usermodel.examples.XSSFCellStyle>]",rnd,3
/projects3/poi/src/examples/src/org/apache/poi/xssf/usermodel/examples/BigGridDemo.java,org.apache.poi.xssf.usermodel.examples.BigGridDemo,main/1[java.lang.String[]],XML_ENCODING,1
/projects3/poi/src/examples/src/org/apache/poi/xssf/usermodel/examples/CalendarDemo.java,org.apache.poi.xssf.usermodel.examples.CalendarDemo,main/1[java.lang.String[]],months,2
/projects3/poi/src/examples/src/org/apache/poi/xssf/usermodel/examples/CalendarDemo.java,org.apache.poi.xssf.usermodel.examples.CalendarDemo,main/1[java.lang.String[]],days,4
/projects3/poi/src/examples/src/org/apache/poi/xwpf/usermodel/examples/UpdateEmbeddedDoc.java,org.apache.poi.xwpf.usermodel.examples.UpdateEmbeddedDoc,UpdateEmbeddedDoc/1[java.lang.String],docFile,3
/projects3/poi/src/examples/src/org/apache/poi/xwpf/usermodel/examples/UpdateEmbeddedDoc.java,org.apache.poi.xwpf.usermodel.examples.UpdateEmbeddedDoc,UpdateEmbeddedDoc/1[java.lang.String],doc,1
/projects3/poi/src/examples/src/org/apache/poi/xwpf/usermodel/examples/UpdateEmbeddedDoc.java,org.apache.poi.xwpf.usermodel.examples.UpdateEmbeddedDoc,checkUpdatedDoc/0,OPENXML_EXTENSION,1
/projects3/poi/src/examples/src/org/apache/poi/xwpf/usermodel/examples/UpdateEmbeddedDoc.java,org.apache.poi.xwpf.usermodel.examples.UpdateEmbeddedDoc,checkUpdatedDoc/0,CELL_NUM,1
/projects3/poi/src/examples/src/org/apache/poi/xwpf/usermodel/examples/UpdateEmbeddedDoc.java,org.apache.poi.xwpf.usermodel.examples.UpdateEmbeddedDoc,checkUpdatedDoc/0,BINARY_EXTENSION,1
/projects3/poi/src/examples/src/org/apache/poi/xwpf/usermodel/examples/UpdateEmbeddedDoc.java,org.apache.poi.xwpf.usermodel.examples.UpdateEmbeddedDoc,checkUpdatedDoc/0,NEW_VALUE,1
/projects3/poi/src/examples/src/org/apache/poi/xwpf/usermodel/examples/UpdateEmbeddedDoc.java,org.apache.poi.xwpf.usermodel.examples.UpdateEmbeddedDoc,checkUpdatedDoc/0,ROW_NUM,1
/projects3/poi/src/examples/src/org/apache/poi/xwpf/usermodel/examples/UpdateEmbeddedDoc.java,org.apache.poi.xwpf.usermodel.examples.UpdateEmbeddedDoc,checkUpdatedDoc/0,doc,1
/projects3/poi/src/examples/src/org/apache/poi/xwpf/usermodel/examples/UpdateEmbeddedDoc.java,org.apache.poi.xwpf.usermodel.examples.UpdateEmbeddedDoc,checkUpdatedDoc/0,SHEET_NUM,1
/projects3/poi/src/examples/src/org/apache/poi/xwpf/usermodel/examples/UpdateEmbeddedDoc.java,org.apache.poi.xwpf.usermodel.examples.UpdateEmbeddedDoc,updateEmbeddedDoc/0,OPENXML_EXTENSION,1
/projects3/poi/src/examples/src/org/apache/poi/xwpf/usermodel/examples/UpdateEmbeddedDoc.java,org.apache.poi.xwpf.usermodel.examples.UpdateEmbeddedDoc,updateEmbeddedDoc/0,CELL_NUM,1
/projects3/poi/src/examples/src/org/apache/poi/xwpf/usermodel/examples/UpdateEmbeddedDoc.java,org.apache.poi.xwpf.usermodel.examples.UpdateEmbeddedDoc,updateEmbeddedDoc/0,BINARY_EXTENSION,1
/projects3/poi/src/examples/src/org/apache/poi/xwpf/usermodel/examples/UpdateEmbeddedDoc.java,org.apache.poi.xwpf.usermodel.examples.UpdateEmbeddedDoc,updateEmbeddedDoc/0,NEW_VALUE,1
/projects3/poi/src/examples/src/org/apache/poi/xwpf/usermodel/examples/UpdateEmbeddedDoc.java,org.apache.poi.xwpf.usermodel.examples.UpdateEmbeddedDoc,updateEmbeddedDoc/0,ROW_NUM,1
/projects3/poi/src/examples/src/org/apache/poi/xwpf/usermodel/examples/UpdateEmbeddedDoc.java,org.apache.poi.xwpf.usermodel.examples.UpdateEmbeddedDoc,updateEmbeddedDoc/0,doc,2
/projects3/poi/src/examples/src/org/apache/poi/xwpf/usermodel/examples/UpdateEmbeddedDoc.java,org.apache.poi.xwpf.usermodel.examples.UpdateEmbeddedDoc,updateEmbeddedDoc/0,docFile,1
/projects3/poi/src/examples/src/org/apache/poi/xwpf/usermodel/examples/UpdateEmbeddedDoc.java,org.apache.poi.xwpf.usermodel.examples.UpdateEmbeddedDoc,updateEmbeddedDoc/0,SHEET_NUM,1
/projects3/poi/src/examples/src/org/apache/poi/xwpf/usermodel/examples/ChartFromScratch.java,org.apache.poi.xwpf.usermodel.examples.ChartFromScratch,"setBarData/6[org.apache.poi.xwpf.usermodel.examples.XWPFChart,java.lang.String,java.lang.String[],java.lang.String[],java.lang.Double[],java.lang.Double[]]",columnCountries,4
/projects3/poi/src/examples/src/org/apache/poi/xwpf/usermodel/examples/ChartFromScratch.java,org.apache.poi.xwpf.usermodel.examples.ChartFromScratch,"setBarData/6[org.apache.poi.xwpf.usermodel.examples.XWPFChart,java.lang.String,java.lang.String[],java.lang.String[],java.lang.Double[],java.lang.Double[]]",columnLanguages,3
/projects3/poi/src/examples/src/org/apache/poi/xwpf/usermodel/examples/ChartFromScratch.java,org.apache.poi.xwpf.usermodel.examples.ChartFromScratch,"setBarData/6[org.apache.poi.xwpf.usermodel.examples.XWPFChart,java.lang.String,java.lang.String[],java.lang.String[],java.lang.Double[],java.lang.Double[]]",columnSpeakers,4
/projects3/poi/src/examples/src/org/apache/poi/hssf/eventusermodel/examples/XLS2CSVmra.java,org.apache.poi.hssf.eventusermodel.examples.XLS2CSVmra,"XLS2CSVmra/2[java.lang.String,int]",minColumns,2
/projects3/poi/src/examples/src/org/apache/poi/hssf/eventusermodel/examples/XLS2CSVmra.java,org.apache.poi.hssf.eventusermodel.examples.XLS2CSVmra,processRecord/1[org.apache.poi.hssf.record.Record],sstRecord,3
/projects3/poi/src/examples/src/org/apache/poi/hssf/eventusermodel/examples/XLS2CSVmra.java,org.apache.poi.hssf.eventusermodel.examples.XLS2CSVmra,processRecord/1[org.apache.poi.hssf.record.Record],outputFormulaValues,1
/projects3/poi/src/examples/src/org/apache/poi/hssf/eventusermodel/examples/XLS2CSVmra.java,org.apache.poi.hssf.eventusermodel.examples.XLS2CSVmra,processRecord/1[org.apache.poi.hssf.record.Record],lastRowNumber,2
/projects3/poi/src/examples/src/org/apache/poi/hssf/eventusermodel/examples/XLS2CSVmra.java,org.apache.poi.hssf.eventusermodel.examples.XLS2CSVmra,processRecord/1[org.apache.poi.hssf.record.Record],minColumns,2
/projects3/poi/src/examples/src/org/apache/poi/hssf/eventusermodel/examples/XLS2CSVmra.java,org.apache.poi.hssf.eventusermodel.examples.XLS2CSVmra,processRecord/1[org.apache.poi.hssf.record.Record],boundSheetRecords,2
/projects3/poi/src/examples/src/org/apache/poi/hssf/eventusermodel/examples/XLS2CSVmra.java,org.apache.poi.hssf.eventusermodel.examples.XLS2CSVmra,processRecord/1[org.apache.poi.hssf.record.Record],stubWorkbook,3
/projects3/poi/src/examples/src/org/apache/poi/hssf/eventusermodel/examples/XLS2CSVmra.java,org.apache.poi.hssf.eventusermodel.examples.XLS2CSVmra,processRecord/1[org.apache.poi.hssf.record.Record],workbookBuildingListener,2
/projects3/poi/src/examples/src/org/apache/poi/hssf/eventusermodel/examples/XLS2CSVmra.java,org.apache.poi.hssf.eventusermodel.examples.XLS2CSVmra,processRecord/1[org.apache.poi.hssf.record.Record],orderedBSRs,3
/projects3/poi/src/examples/src/org/apache/poi/hssf/eventusermodel/examples/XLS2CSVmra.java,org.apache.poi.hssf.eventusermodel.examples.XLS2CSVmra,processRecord/1[org.apache.poi.hssf.record.Record],output,6
/projects3/poi/src/examples/src/org/apache/poi/hssf/eventusermodel/examples/XLS2CSVmra.java,org.apache.poi.hssf.eventusermodel.examples.XLS2CSVmra,processRecord/1[org.apache.poi.hssf.record.Record],nextRow,2
/projects3/poi/src/examples/src/org/apache/poi/hssf/eventusermodel/examples/XLS2CSVmra.java,org.apache.poi.hssf.eventusermodel.examples.XLS2CSVmra,processRecord/1[org.apache.poi.hssf.record.Record],sheetIndex,3
/projects3/poi/src/examples/src/org/apache/poi/hssf/eventusermodel/examples/XLS2CSVmra.java,org.apache.poi.hssf.eventusermodel.examples.XLS2CSVmra,processRecord/1[org.apache.poi.hssf.record.Record],lastColumnNumber,6
/projects3/poi/src/examples/src/org/apache/poi/hssf/eventusermodel/examples/XLS2CSVmra.java,org.apache.poi.hssf.eventusermodel.examples.XLS2CSVmra,processRecord/1[org.apache.poi.hssf.record.Record],outputNextStringRecord,3
/projects3/poi/src/examples/src/org/apache/poi/hssf/eventusermodel/examples/XLS2CSVmra.java,org.apache.poi.hssf.eventusermodel.examples.XLS2CSVmra,processRecord/1[org.apache.poi.hssf.record.Record],nextColumn,2
/projects3/poi/src/examples/src/org/apache/poi/hssf/eventusermodel/examples/XLS2CSVmra.java,org.apache.poi.hssf.eventusermodel.examples.XLS2CSVmra,processRecord/1[org.apache.poi.hssf.record.Record],formatListener,2
/projects3/poi/src/examples/src/org/apache/poi/hssf/eventusermodel/examples/XLS2CSVmra.java,org.apache.poi.hssf.eventusermodel.examples.XLS2CSVmra,"XLS2CSVmra/3[org.apache.poi.hssf.eventusermodel.examples.POIFSFileSystem,java.io.PrintStream,int]",output,3
/projects3/poi/src/examples/src/org/apache/poi/hssf/eventusermodel/examples/XLS2CSVmra.java,org.apache.poi.hssf.eventusermodel.examples.XLS2CSVmra,"XLS2CSVmra/3[org.apache.poi.hssf.eventusermodel.examples.POIFSFileSystem,java.io.PrintStream,int]",minColumns,3
/projects3/poi/src/examples/src/org/apache/poi/hssf/eventusermodel/examples/XLS2CSVmra.java,org.apache.poi.hssf.eventusermodel.examples.XLS2CSVmra,"XLS2CSVmra/3[org.apache.poi.hssf.eventusermodel.examples.POIFSFileSystem,java.io.PrintStream,int]",fs,3
/projects3/poi/src/examples/src/org/apache/poi/hssf/eventusermodel/examples/XLS2CSVmra.java,org.apache.poi.hssf.eventusermodel.examples.XLS2CSVmra,process/0,outputFormulaValues,1
/projects3/poi/src/examples/src/org/apache/poi/hssf/eventusermodel/examples/XLS2CSVmra.java,org.apache.poi.hssf.eventusermodel.examples.XLS2CSVmra,process/0,formatListener,3
/projects3/poi/src/examples/src/org/apache/poi/hssf/eventusermodel/examples/XLS2CSVmra.java,org.apache.poi.hssf.eventusermodel.examples.XLS2CSVmra,process/0,fs,1
/projects3/poi/src/examples/src/org/apache/poi/hssf/eventusermodel/examples/XLS2CSVmra.java,org.apache.poi.hssf.eventusermodel.examples.XLS2CSVmra,process/0,workbookBuildingListener,2
/projects3/poi/src/examples/src/org/apache/poi/hssf/usermodel/examples/Outlines.java,org.apache.poi.hssf.usermodel.examples.Outlines,close/0,wb,1
/projects3/poi/src/examples/src/org/apache/poi/hssf/usermodel/examples/Outlines.java,org.apache.poi.hssf.usermodel.examples.Outlines,test7/0,sheet1,2
/projects3/poi/src/examples/src/org/apache/poi/hssf/usermodel/examples/Outlines.java,org.apache.poi.hssf.usermodel.examples.Outlines,test3/0,sheet1,4
/projects3/poi/src/examples/src/org/apache/poi/hssf/usermodel/examples/Outlines.java,org.apache.poi.hssf.usermodel.examples.Outlines,test11/0,sheet1,6
/projects3/poi/src/examples/src/org/apache/poi/hssf/usermodel/examples/Outlines.java,org.apache.poi.hssf.usermodel.examples.Outlines,test8/0,sheet1,3
/projects3/poi/src/examples/src/org/apache/poi/hssf/usermodel/examples/Outlines.java,org.apache.poi.hssf.usermodel.examples.Outlines,writeOut/1[java.lang.String],wb,1
/projects3/poi/src/examples/src/org/apache/poi/hssf/usermodel/examples/Outlines.java,org.apache.poi.hssf.usermodel.examples.Outlines,test12/0,sheet1,5
/projects3/poi/src/examples/src/org/apache/poi/hssf/usermodel/examples/Outlines.java,org.apache.poi.hssf.usermodel.examples.Outlines,test4/0,sheet1,5
/projects3/poi/src/examples/src/org/apache/poi/hssf/usermodel/examples/Outlines.java,org.apache.poi.hssf.usermodel.examples.Outlines,test1/0,sheet1,2
/projects3/poi/src/examples/src/org/apache/poi/hssf/usermodel/examples/Outlines.java,org.apache.poi.hssf.usermodel.examples.Outlines,test5/0,sheet1,6
/projects3/poi/src/examples/src/org/apache/poi/hssf/usermodel/examples/Outlines.java,org.apache.poi.hssf.usermodel.examples.Outlines,test13/0,sheet1,6
/projects3/poi/src/examples/src/org/apache/poi/hssf/usermodel/examples/Outlines.java,org.apache.poi.hssf.usermodel.examples.Outlines,test9/0,sheet1,4
/projects3/poi/src/examples/src/org/apache/poi/hssf/usermodel/examples/Outlines.java,org.apache.poi.hssf.usermodel.examples.Outlines,test2/0,sheet1,3
/projects3/poi/src/examples/src/org/apache/poi/hssf/usermodel/examples/Outlines.java,org.apache.poi.hssf.usermodel.examples.Outlines,test6/0,sheet1,5
/projects3/poi/src/examples/src/org/apache/poi/hssf/usermodel/examples/Outlines.java,org.apache.poi.hssf.usermodel.examples.Outlines,test10/0,sheet1,5
/projects3/poi/src/examples/src/org/apache/poi/hssf/usermodel/examples/AddDimensionedImage.java,org.apache.poi.hssf.usermodel.examples.AddDimensionedImage,main/1[java.lang.String[]],EXPAND_ROW_AND_COLUMN,1
/projects3/poi/src/examples/src/org/apache/poi/hssf/usermodel/examples/AddDimensionedImage.java,org.apache.poi.hssf.usermodel.examples.AddDimensionedImage,"fitImageToColumns/4[org.apache.poi.hssf.usermodel.examples.HSSFSheet,int,double,int]",EXPAND_COLUMN,1
/projects3/poi/src/examples/src/org/apache/poi/hssf/usermodel/examples/AddDimensionedImage.java,org.apache.poi.hssf.usermodel.examples.AddDimensionedImage,"fitImageToColumns/4[org.apache.poi.hssf.usermodel.examples.HSSFSheet,int,double,int]",EXPAND_ROW_AND_COLUMN,1
/projects3/poi/src/examples/src/org/apache/poi/hssf/usermodel/examples/AddDimensionedImage.java,org.apache.poi.hssf.usermodel.examples.AddDimensionedImage,"fitImageToColumns/4[org.apache.poi.hssf.usermodel.examples.HSSFSheet,int,double,int]",OVERLAY_ROW_AND_COLUMN,1
/projects3/poi/src/examples/src/org/apache/poi/hssf/usermodel/examples/AddDimensionedImage.java,org.apache.poi.hssf.usermodel.examples.AddDimensionedImage,"fitImageToColumns/4[org.apache.poi.hssf.usermodel.examples.HSSFSheet,int,double,int]",EXPAND_ROW,1
/projects3/poi/src/examples/src/org/apache/poi/hssf/usermodel/examples/AddDimensionedImage.java,org.apache.poi.hssf.usermodel.examples.AddDimensionedImage,"fitImageToRows/4[org.apache.poi.hssf.usermodel.examples.HSSFSheet,int,double,int]",EXPAND_COLUMN,1
/projects3/poi/src/examples/src/org/apache/poi/hssf/usermodel/examples/AddDimensionedImage.java,org.apache.poi.hssf.usermodel.examples.AddDimensionedImage,"fitImageToRows/4[org.apache.poi.hssf.usermodel.examples.HSSFSheet,int,double,int]",EXPAND_ROW_AND_COLUMN,1
/projects3/poi/src/examples/src/org/apache/poi/hssf/usermodel/examples/AddDimensionedImage.java,org.apache.poi.hssf.usermodel.examples.AddDimensionedImage,"fitImageToRows/4[org.apache.poi.hssf.usermodel.examples.HSSFSheet,int,double,int]",OVERLAY_ROW_AND_COLUMN,1
/projects3/poi/src/examples/src/org/apache/poi/hssf/usermodel/examples/AddDimensionedImage.java,org.apache.poi.hssf.usermodel.examples.AddDimensionedImage,"fitImageToRows/4[org.apache.poi.hssf.usermodel.examples.HSSFSheet,int,double,int]",EXPAND_ROW,1
/projects3/poi/src/examples/src/org/apache/poi/hssf/usermodel/examples/AddDimensionedImage.java,org.apache.poi.hssf.usermodel.examples.AddDimensionedImage,"addImageToSheet/7[int,int,org.apache.poi.hssf.usermodel.examples.HSSFSheet,java.lang.String,double,double,int]",EXPAND_COLUMN,1
/projects3/poi/src/examples/src/org/apache/poi/hssf/usermodel/examples/AddDimensionedImage.java,org.apache.poi.hssf.usermodel.examples.AddDimensionedImage,"addImageToSheet/7[int,int,org.apache.poi.hssf.usermodel.examples.HSSFSheet,java.lang.String,double,double,int]",EXPAND_ROW_AND_COLUMN,1
/projects3/poi/src/examples/src/org/apache/poi/hssf/usermodel/examples/AddDimensionedImage.java,org.apache.poi.hssf.usermodel.examples.AddDimensionedImage,"addImageToSheet/7[int,int,org.apache.poi.hssf.usermodel.examples.HSSFSheet,java.lang.String,double,double,int]",OVERLAY_ROW_AND_COLUMN,1
/projects3/poi/src/examples/src/org/apache/poi/hssf/usermodel/examples/AddDimensionedImage.java,org.apache.poi.hssf.usermodel.examples.AddDimensionedImage,"addImageToSheet/7[int,int,org.apache.poi.hssf.usermodel.examples.HSSFSheet,java.lang.String,double,double,int]",EXPAND_ROW,1
/projects3/poi/src/examples/src/org/apache/poi/hssf/usermodel/examples/AddDimensionedImage.java,org.apache.poi.hssf.usermodel.examples.AddDimensionedImage$ConvertImageUnits,millimetres2WidthUnits/1[double],PIXELS_PER_MILLIMETRES,1
/projects3/poi/src/examples/src/org/apache/poi/hssf/usermodel/examples/AddDimensionedImage.java,org.apache.poi.hssf.usermodel.examples.AddDimensionedImage$ConvertImageUnits,pixel2WidthUnits/1[int],UNIT_OFFSET_LENGTH,2
/projects3/poi/src/examples/src/org/apache/poi/hssf/usermodel/examples/AddDimensionedImage.java,org.apache.poi.hssf.usermodel.examples.AddDimensionedImage$ConvertImageUnits,pixel2WidthUnits/1[int],EXCEL_COLUMN_WIDTH_FACTOR,1
/projects3/poi/src/examples/src/org/apache/poi/hssf/usermodel/examples/AddDimensionedImage.java,org.apache.poi.hssf.usermodel.examples.AddDimensionedImage$ConvertImageUnits,pixel2WidthUnits/1[int],UNIT_OFFSET_MAP,1
/projects3/poi/src/examples/src/org/apache/poi/hssf/usermodel/examples/AddDimensionedImage.java,org.apache.poi.hssf.usermodel.examples.AddDimensionedImage$ConvertImageUnits,widthUnits2Pixel/1[short],UNIT_OFFSET_LENGTH,2
/projects3/poi/src/examples/src/org/apache/poi/hssf/usermodel/examples/AddDimensionedImage.java,org.apache.poi.hssf.usermodel.examples.AddDimensionedImage$ConvertImageUnits,widthUnits2Pixel/1[short],EXCEL_COLUMN_WIDTH_FACTOR,3
/projects3/poi/src/examples/src/org/apache/poi/hssf/usermodel/examples/AddDimensionedImage.java,org.apache.poi.hssf.usermodel.examples.AddDimensionedImage$ConvertImageUnits,widthUnits2Millimetres/1[short],PIXELS_PER_MILLIMETRES,1
/projects3/poi/src/examples/src/org/apache/poi/hssf/usermodel/examples/AddDimensionedImage.java,org.apache.poi.hssf.usermodel.examples.AddDimensionedImage$ClientAnchorDetail,getFromIndex/0,fromIndex,1
/projects3/poi/src/examples/src/org/apache/poi/hssf/usermodel/examples/AddDimensionedImage.java,org.apache.poi.hssf.usermodel.examples.AddDimensionedImage$ClientAnchorDetail,getToIndex/0,toIndex,1
/projects3/poi/src/examples/src/org/apache/poi/hssf/usermodel/examples/AddDimensionedImage.java,org.apache.poi.hssf.usermodel.examples.AddDimensionedImage$ClientAnchorDetail,"ClientAnchorDetail/3[int,int,int]",toIndex,3
/projects3/poi/src/examples/src/org/apache/poi/hssf/usermodel/examples/AddDimensionedImage.java,org.apache.poi.hssf.usermodel.examples.AddDimensionedImage$ClientAnchorDetail,"ClientAnchorDetail/3[int,int,int]",inset,3
/projects3/poi/src/examples/src/org/apache/poi/hssf/usermodel/examples/AddDimensionedImage.java,org.apache.poi.hssf.usermodel.examples.AddDimensionedImage$ClientAnchorDetail,"ClientAnchorDetail/3[int,int,int]",fromIndex,3
/projects3/poi/src/examples/src/org/apache/poi/hssf/usermodel/examples/AddDimensionedImage.java,org.apache.poi.hssf.usermodel.examples.AddDimensionedImage$ClientAnchorDetail,getInset/0,inset,1
/projects3/poi/src/examples/src/org/apache/poi/hssf/usermodel/examples/EventExample.java,org.apache.poi.hssf.usermodel.examples.EventExample,processRecord/1[org.apache.poi.hssf.record.Record],sstrec,4
/projects3/poi/src/examples/src/org/apache/poi/hssf/usermodel/examples/InCellLists.java,org.apache.poi.hssf.usermodel.examples.InCellLists$MultiLevelListItem,"MultiLevelListItem/2[java.lang.String,java.util.ArrayList<java.lang.String>]",lowerLevelItems,3
/projects3/poi/src/examples/src/org/apache/poi/hssf/usermodel/examples/InCellLists.java,org.apache.poi.hssf.usermodel.examples.InCellLists$MultiLevelListItem,"MultiLevelListItem/2[java.lang.String,java.util.ArrayList<java.lang.String>]",itemText,3
/projects3/poi/src/examples/src/org/apache/poi/hssf/usermodel/examples/InCellLists.java,org.apache.poi.hssf.usermodel.examples.InCellLists$MultiLevelListItem,getItemText/0,itemText,1
/projects3/poi/src/examples/src/org/apache/poi/hssf/usermodel/examples/InCellLists.java,org.apache.poi.hssf.usermodel.examples.InCellLists$MultiLevelListItem,getLowerLevelItems/0,lowerLevelItems,1
/projects3/poi/src/examples/src/org/apache/poi/hssf/usermodel/examples/InCellLists.java,org.apache.poi.hssf.usermodel.examples.InCellLists,"multiLevelNumberedListInCell/7[org.apache.poi.hssf.usermodel.examples.HSSFWorkbook,java.util.ArrayList<org.apache.poi.hssf.usermodel.examples.InCellLists.MultiLevelListItem>,org.apache.poi.hssf.usermodel.examples.HSSFCell,int,int,int,int]",TAB,1
/projects3/poi/src/examples/src/org/apache/poi/hssf/usermodel/examples/InCellLists.java,org.apache.poi.hssf.usermodel.examples.InCellLists,"multiLevelBulletedListInCell/3[org.apache.poi.hssf.usermodel.examples.HSSFWorkbook,java.util.ArrayList<org.apache.poi.hssf.usermodel.examples.InCellLists.MultiLevelListItem>,org.apache.poi.hssf.usermodel.examples.HSSFCell]",TAB,1
/projects3/poi/src/examples/src/org/apache/poi/hssf/usermodel/examples/InCellLists.java,org.apache.poi.hssf.usermodel.examples.InCellLists,"multiLevelBulletedListInCell/3[org.apache.poi.hssf.usermodel.examples.HSSFWorkbook,java.util.ArrayList<org.apache.poi.hssf.usermodel.examples.InCellLists.MultiLevelListItem>,org.apache.poi.hssf.usermodel.examples.HSSFCell]",BULLET_CHARACTER,2
/projects3/poi/src/examples/src/org/apache/poi/hssf/usermodel/examples/InCellLists.java,org.apache.poi.hssf.usermodel.examples.InCellLists,"multiLevelListInCell/3[org.apache.poi.hssf.usermodel.examples.HSSFWorkbook,java.util.ArrayList<org.apache.poi.hssf.usermodel.examples.InCellLists.MultiLevelListItem>,org.apache.poi.hssf.usermodel.examples.HSSFCell]",TAB,1
/projects3/poi/src/examples/src/org/apache/poi/hssf/usermodel/examples/InCellLists.java,org.apache.poi.hssf.usermodel.examples.InCellLists,"bulletedItemInCell/3[org.apache.poi.hssf.usermodel.examples.HSSFWorkbook,java.lang.String,org.apache.poi.hssf.usermodel.examples.HSSFCell]",BULLET_CHARACTER,1
/projects3/poi/src/examples/src/org/apache/poi/hssf/usermodel/examples/InCellLists.java,org.apache.poi.hssf.usermodel.examples.InCellLists,"bulletedListInCell/3[org.apache.poi.hssf.usermodel.examples.HSSFWorkbook,java.util.ArrayList<java.lang.String>,org.apache.poi.hssf.usermodel.examples.HSSFCell]",BULLET_CHARACTER,1
/projects3/poi/src/examples/src/org/apache/poi/hpsf/examples/WriteAuthorAndTitle.java,org.apache.poi.hpsf.examples.WriteAuthorAndTitle$ModifySICopyTheRest,"copy/4[org.apache.poi.hpsf.examples.POIFSFileSystem,org.apache.poi.hpsf.examples.POIFSDocumentPath,java.lang.String,org.apache.poi.hpsf.examples.PropertySet]",poiFs,2
/projects3/poi/src/examples/src/org/apache/poi/hpsf/examples/WriteAuthorAndTitle.java,org.apache.poi.hpsf.examples.WriteAuthorAndTitle$ModifySICopyTheRest,"copy/4[org.apache.poi.hpsf.examples.POIFSFileSystem,org.apache.poi.hpsf.examples.POIFSDocumentPath,java.lang.String,org.apache.poi.hpsf.examples.DocumentInputStream]",poiFs,2
/projects3/poi/src/examples/src/org/apache/poi/hpsf/examples/WriteAuthorAndTitle.java,org.apache.poi.hpsf.examples.WriteAuthorAndTitle$ModifySICopyTheRest,"editSI/4[org.apache.poi.hpsf.examples.POIFSFileSystem,org.apache.poi.hpsf.examples.POIFSDocumentPath,java.lang.String,org.apache.poi.hpsf.examples.PropertySet]",poiFs,2
/projects3/poi/src/examples/src/org/apache/poi/hpsf/examples/WriteAuthorAndTitle.java,org.apache.poi.hpsf.examples.WriteAuthorAndTitle$ModifySICopyTheRest,"getPath/2[org.apache.poi.hpsf.examples.POIFSFileSystem,org.apache.poi.hpsf.examples.POIFSDocumentPath]",paths,2
/projects3/poi/src/examples/src/org/apache/poi/hpsf/examples/WriteAuthorAndTitle.java,org.apache.poi.hpsf.examples.WriteAuthorAndTitle$ModifySICopyTheRest,"getPath/2[org.apache.poi.hpsf.examples.POIFSFileSystem,org.apache.poi.hpsf.examples.POIFSDocumentPath]",poiFs,3
/projects3/poi/src/examples/src/org/apache/poi/hpsf/examples/WriteAuthorAndTitle.java,org.apache.poi.hpsf.examples.WriteAuthorAndTitle$ModifySICopyTheRest,processPOIFSReaderEvent/1[org.apache.poi.hpsf.examples.POIFSReaderEvent],poiFs,3
/projects3/poi/src/examples/src/org/apache/poi/hpsf/examples/WriteAuthorAndTitle.java,org.apache.poi.hpsf.examples.WriteAuthorAndTitle$ModifySICopyTheRest,ModifySICopyTheRest/1[java.lang.String],dstName,3
/projects3/poi/src/examples/src/org/apache/poi/hpsf/examples/WriteAuthorAndTitle.java,org.apache.poi.hpsf.examples.WriteAuthorAndTitle$ModifySICopyTheRest,ModifySICopyTheRest/1[java.lang.String],poiFs,1
/projects3/poi/src/examples/src/org/apache/poi/hpsf/examples/WriteAuthorAndTitle.java,org.apache.poi.hpsf.examples.WriteAuthorAndTitle$ModifySICopyTheRest,close/0,dstName,1
/projects3/poi/src/examples/src/org/apache/poi/hpsf/examples/WriteAuthorAndTitle.java,org.apache.poi.hpsf.examples.WriteAuthorAndTitle$ModifySICopyTheRest,close/0,poiFs,1
/projects3/poi/src/examples/src/org/apache/poi/hpsf/examples/WriteAuthorAndTitle.java,org.apache.poi.hpsf.examples.WriteAuthorAndTitle$ModifySICopyTheRest,close/0,out,3
/projects3/poi/src/examples/src/org/apache/poi/hpsf/examples/CopyCompare.java,org.apache.poi.hpsf.examples.CopyCompare$CopyFile,processPOIFSReaderEvent/1[org.apache.poi.hpsf.examples.POIFSReaderEvent],poiFs,2
/projects3/poi/src/examples/src/org/apache/poi/hpsf/examples/CopyCompare.java,org.apache.poi.hpsf.examples.CopyCompare$CopyFile,"copy/4[org.apache.poi.hpsf.examples.POIFSFileSystem,org.apache.poi.hpsf.examples.POIFSDocumentPath,java.lang.String,org.apache.poi.hpsf.examples.PropertySet]",poiFs,2
/projects3/poi/src/examples/src/org/apache/poi/hpsf/examples/CopyCompare.java,org.apache.poi.hpsf.examples.CopyCompare$CopyFile,CopyFile/1[java.lang.String],dstName,3
/projects3/poi/src/examples/src/org/apache/poi/hpsf/examples/CopyCompare.java,org.apache.poi.hpsf.examples.CopyCompare$CopyFile,CopyFile/1[java.lang.String],poiFs,1
/projects3/poi/src/examples/src/org/apache/poi/hpsf/examples/CopyCompare.java,org.apache.poi.hpsf.examples.CopyCompare$CopyFile,"getPath/2[org.apache.poi.hpsf.examples.POIFSFileSystem,org.apache.poi.hpsf.examples.POIFSDocumentPath]",paths,2
/projects3/poi/src/examples/src/org/apache/poi/hpsf/examples/CopyCompare.java,org.apache.poi.hpsf.examples.CopyCompare$CopyFile,"getPath/2[org.apache.poi.hpsf.examples.POIFSFileSystem,org.apache.poi.hpsf.examples.POIFSDocumentPath]",poiFs,3
/projects3/poi/src/examples/src/org/apache/poi/hpsf/examples/CopyCompare.java,org.apache.poi.hpsf.examples.CopyCompare$CopyFile,"copy/4[org.apache.poi.hpsf.examples.POIFSFileSystem,org.apache.poi.hpsf.examples.POIFSDocumentPath,java.lang.String,org.apache.poi.hpsf.examples.DocumentInputStream]",poiFs,2
/projects3/poi/src/examples/src/org/apache/poi/hpsf/examples/CopyCompare.java,org.apache.poi.hpsf.examples.CopyCompare$CopyFile,close/0,dstName,1
/projects3/poi/src/examples/src/org/apache/poi/hpsf/examples/CopyCompare.java,org.apache.poi.hpsf.examples.CopyCompare$CopyFile,close/0,poiFs,1
/projects3/poi/src/examples/src/org/apache/poi/hpsf/examples/CopyCompare.java,org.apache.poi.hpsf.examples.CopyCompare$CopyFile,close/0,out,3
/projects3/poi/src/examples/src/org/apache/poi/crypt/examples/OOXMLPasswordsTry.java,org.apache.poi.crypt.examples.OOXMLPasswordsTry,close/0,fs,1
/projects3/poi/src/examples/src/org/apache/poi/crypt/examples/OOXMLPasswordsTry.java,org.apache.poi.crypt.examples.OOXMLPasswordsTry,isValid/1[java.lang.String],d,1
/projects3/poi/src/examples/src/org/apache/poi/crypt/examples/OOXMLPasswordsTry.java,org.apache.poi.crypt.examples.OOXMLPasswordsTry,OOXMLPasswordsTry/1[org.apache.poi.crypt.examples.POIFSFileSystem],d,1
/projects3/poi/src/examples/src/org/apache/poi/crypt/examples/OOXMLPasswordsTry.java,org.apache.poi.crypt.examples.OOXMLPasswordsTry,OOXMLPasswordsTry/1[org.apache.poi.crypt.examples.POIFSFileSystem],fs,4
/projects3/poi/src/examples/src/org/apache/poi/crypt/examples/OOXMLPasswordsTry.java,org.apache.poi.crypt.examples.OOXMLPasswordsTry,OOXMLPasswordsTry/1[org.apache.poi.crypt.examples.POIFSFileSystem],info,2
/projects3/poi/src/examples/src/org/apache/poi/hwpf/Word2Forrest.java,org.apache.poi.hwpf.Word2Forrest,openBody/0,_out,1
/projects3/poi/src/examples/src/org/apache/poi/hwpf/Word2Forrest.java,org.apache.poi.hwpf.Word2Forrest,openSection/0,_out,1
/projects3/poi/src/examples/src/org/apache/poi/hwpf/Word2Forrest.java,org.apache.poi.hwpf.Word2Forrest,writePlainText/1[java.lang.String],_out,1
/projects3/poi/src/examples/src/org/apache/poi/hwpf/Word2Forrest.java,org.apache.poi.hwpf.Word2Forrest,openDocument/0,_out,1
/projects3/poi/src/examples/src/org/apache/poi/hwpf/Word2Forrest.java,org.apache.poi.hwpf.Word2Forrest,closeParagraph/0,_out,1
/projects3/poi/src/examples/src/org/apache/poi/hwpf/Word2Forrest.java,org.apache.poi.hwpf.Word2Forrest,closeSection/0,_out,1
/projects3/poi/src/examples/src/org/apache/poi/hwpf/Word2Forrest.java,org.apache.poi.hwpf.Word2Forrest,openSource/0,_out,1
/projects3/poi/src/examples/src/org/apache/poi/hwpf/Word2Forrest.java,org.apache.poi.hwpf.Word2Forrest,closeDocument/0,_out,1
/projects3/poi/src/examples/src/org/apache/poi/hwpf/Word2Forrest.java,org.apache.poi.hwpf.Word2Forrest,closeTitle/0,_out,1
/projects3/poi/src/examples/src/org/apache/poi/hwpf/Word2Forrest.java,org.apache.poi.hwpf.Word2Forrest,init/0,_out,2
/projects3/poi/src/examples/src/org/apache/poi/hwpf/Word2Forrest.java,org.apache.poi.hwpf.Word2Forrest,"Word2Forrest/2[org.apache.poi.hwpf.HWPFDocument,java.io.OutputStream]",_out,2
/projects3/poi/src/examples/src/org/apache/poi/hwpf/Word2Forrest.java,org.apache.poi.hwpf.Word2Forrest,"Word2Forrest/2[org.apache.poi.hwpf.HWPFDocument,java.io.OutputStream]",_doc,1
/projects3/poi/src/examples/src/org/apache/poi/hwpf/Word2Forrest.java,org.apache.poi.hwpf.Word2Forrest,openParagraph/0,_out,1
/projects3/poi/src/examples/src/org/apache/poi/hwpf/Word2Forrest.java,org.apache.poi.hwpf.Word2Forrest,closeBody/0,_out,1
/projects3/poi/src/examples/src/org/apache/poi/hwpf/Word2Forrest.java,org.apache.poi.hwpf.Word2Forrest,closeSource/0,_out,1
/projects3/poi/src/examples/src/org/apache/poi/hwpf/Word2Forrest.java,org.apache.poi.hwpf.Word2Forrest,openTitle/0,_out,1
/projects3/poi/src/examples/src/org/apache/poi/hsmf/examples/Msg2txt.java,org.apache.poi.hsmf.examples.Msg2txt,processMessage/0,msg,7
/projects3/poi/src/examples/src/org/apache/poi/hsmf/examples/Msg2txt.java,org.apache.poi.hsmf.examples.Msg2txt,processMessage/0,fileNameStem,2
/projects3/poi/src/examples/src/org/apache/poi/hsmf/examples/Msg2txt.java,org.apache.poi.hsmf.examples.Msg2txt,Msg2txt/1[java.lang.String],msg,1
/projects3/poi/src/examples/src/org/apache/poi/hsmf/examples/Msg2txt.java,org.apache.poi.hsmf.examples.Msg2txt,Msg2txt/1[java.lang.String],fileNameStem,6
/projects3/poi/src/examples/src/org/apache/poi/ss/examples/TimesheetDemo.java,org.apache.poi.ss.examples.TimesheetDemo,main/1[java.lang.String[]],sample_data,6
/projects3/poi/src/examples/src/org/apache/poi/ss/examples/TimesheetDemo.java,org.apache.poi.ss.examples.TimesheetDemo,main/1[java.lang.String[]],length,0
/projects3/poi/src/examples/src/org/apache/poi/ss/examples/TimesheetDemo.java,org.apache.poi.ss.examples.TimesheetDemo,main/1[java.lang.String[]],i,0
/projects3/poi/src/examples/src/org/apache/poi/ss/examples/TimesheetDemo.java,org.apache.poi.ss.examples.TimesheetDemo,main/1[java.lang.String[]],titles,3
/projects3/poi/src/examples/src/org/apache/poi/ss/examples/formula/SettingExternalFunction.java,org.apache.poi.ss.examples.formula.SettingExternalFunction$BloombergAddIn,BloombergAddIn/0,_functionsByName,4
/projects3/poi/src/examples/src/org/apache/poi/ss/examples/formula/SettingExternalFunction.java,org.apache.poi.ss.examples.formula.SettingExternalFunction$BloombergAddIn,findFunction/1[java.lang.String],_functionsByName,1
/projects3/poi/src/examples/src/org/apache/poi/ss/examples/formula/CheckFunctionsSupported.java,org.apache.poi.ss.examples.formula.CheckFunctionsSupported,getEvaluationProblems/1[org.apache.poi.ss.examples.formula.Sheet],evaluator,1
/projects3/poi/src/examples/src/org/apache/poi/ss/examples/formula/CheckFunctionsSupported.java,org.apache.poi.ss.examples.formula.CheckFunctionsSupported,getEvaluationProblems/1[java.lang.String],workbook,1
/projects3/poi/src/examples/src/org/apache/poi/ss/examples/formula/CheckFunctionsSupported.java,org.apache.poi.ss.examples.formula.CheckFunctionsSupported,getUnsupportedFunctions/1[int],workbook,1
/projects3/poi/src/examples/src/org/apache/poi/ss/examples/formula/CheckFunctionsSupported.java,org.apache.poi.ss.examples.formula.CheckFunctionsSupported,CheckFunctionsSupported/1[org.apache.poi.ss.examples.formula.Workbook],workbook,4
/projects3/poi/src/examples/src/org/apache/poi/ss/examples/formula/CheckFunctionsSupported.java,org.apache.poi.ss.examples.formula.CheckFunctionsSupported,CheckFunctionsSupported/1[org.apache.poi.ss.examples.formula.Workbook],evaluator,1
/projects3/poi/src/examples/src/org/apache/poi/ss/examples/formula/CheckFunctionsSupported.java,org.apache.poi.ss.examples.formula.CheckFunctionsSupported,getUnsupportedFunctions/1[java.lang.String],workbook,1
/projects3/poi/src/examples/src/org/apache/poi/ss/examples/formula/CheckFunctionsSupported.java,org.apache.poi.ss.examples.formula.CheckFunctionsSupported,getEvaluationProblems/1[int],workbook,1
/projects3/poi/src/examples/src/org/apache/poi/ss/examples/formula/CheckFunctionsSupported.java,org.apache.poi.ss.examples.formula.CheckFunctionsSupported$FormulaEvaluationProblems,"FormulaEvaluationProblems/2[java.util.Set<java.lang.String>,java.util.Map<org.apache.poi.ss.examples.formula.CellReference,java.lang.Exception>]",unevaluatableCells,3
/projects3/poi/src/examples/src/org/apache/poi/ss/examples/formula/CheckFunctionsSupported.java,org.apache.poi.ss.examples.formula.CheckFunctionsSupported$FormulaEvaluationProblems,"FormulaEvaluationProblems/2[java.util.Set<java.lang.String>,java.util.Map<org.apache.poi.ss.examples.formula.CellReference,java.lang.Exception>]",unsupportedFunctions,3
/projects3/poi/src/examples/src/org/apache/poi/ss/examples/AddDimensionedImage.java,org.apache.poi.ss.examples.AddDimensionedImage$ConvertImageUnits,pixel2WidthUnits/1[int],UNIT_OFFSET_LENGTH,2
/projects3/poi/src/examples/src/org/apache/poi/ss/examples/AddDimensionedImage.java,org.apache.poi.ss.examples.AddDimensionedImage$ConvertImageUnits,pixel2WidthUnits/1[int],EXCEL_COLUMN_WIDTH_FACTOR,1
/projects3/poi/src/examples/src/org/apache/poi/ss/examples/AddDimensionedImage.java,org.apache.poi.ss.examples.AddDimensionedImage$ConvertImageUnits,pixel2WidthUnits/1[int],UNIT_OFFSET_MAP,1
/projects3/poi/src/examples/src/org/apache/poi/ss/examples/AddDimensionedImage.java,org.apache.poi.ss.examples.AddDimensionedImage$ConvertImageUnits,widthUnits2Pixel/1[short],UNIT_OFFSET_LENGTH,2
/projects3/poi/src/examples/src/org/apache/poi/ss/examples/AddDimensionedImage.java,org.apache.poi.ss.examples.AddDimensionedImage$ConvertImageUnits,widthUnits2Pixel/1[short],EXCEL_COLUMN_WIDTH_FACTOR,3
/projects3/poi/src/examples/src/org/apache/poi/ss/examples/AddDimensionedImage.java,org.apache.poi.ss.examples.AddDimensionedImage$ConvertImageUnits,widthUnits2Millimetres/1[short],PIXELS_PER_MILLIMETRES,1
/projects3/poi/src/examples/src/org/apache/poi/ss/examples/AddDimensionedImage.java,org.apache.poi.ss.examples.AddDimensionedImage$ConvertImageUnits,millimetres2WidthUnits/1[double],PIXELS_PER_MILLIMETRES,1
/projects3/poi/src/examples/src/org/apache/poi/ss/examples/AddDimensionedImage.java,org.apache.poi.ss.examples.AddDimensionedImage,"calculateRowLocation/3[org.apache.poi.ss.examples.Sheet,int,double]",EMU_PER_MM,2
/projects3/poi/src/examples/src/org/apache/poi/ss/examples/AddDimensionedImage.java,org.apache.poi.ss.examples.AddDimensionedImage,"calculateColumnLocation/3[org.apache.poi.ss.examples.Sheet,int,double]",EMU_PER_MM,2
/projects3/poi/src/examples/src/org/apache/poi/ss/examples/AddDimensionedImage.java,org.apache.poi.ss.examples.AddDimensionedImage,"addImageToSheet/8[int,int,org.apache.poi.ss.examples.Sheet,org.apache.poi.ss.examples.Drawing<?>,java.net.URL,double,double,int]",EXPAND_COLUMN,1
/projects3/poi/src/examples/src/org/apache/poi/ss/examples/AddDimensionedImage.java,org.apache.poi.ss.examples.AddDimensionedImage,"addImageToSheet/8[int,int,org.apache.poi.ss.examples.Sheet,org.apache.poi.ss.examples.Drawing<?>,java.net.URL,double,double,int]",EXPAND_ROW_AND_COLUMN,1
/projects3/poi/src/examples/src/org/apache/poi/ss/examples/AddDimensionedImage.java,org.apache.poi.ss.examples.AddDimensionedImage,"addImageToSheet/8[int,int,org.apache.poi.ss.examples.Sheet,org.apache.poi.ss.examples.Drawing<?>,java.net.URL,double,double,int]",OVERLAY_ROW_AND_COLUMN,1
/projects3/poi/src/examples/src/org/apache/poi/ss/examples/AddDimensionedImage.java,org.apache.poi.ss.examples.AddDimensionedImage,"addImageToSheet/8[int,int,org.apache.poi.ss.examples.Sheet,org.apache.poi.ss.examples.Drawing<?>,java.net.URL,double,double,int]",EXPAND_ROW,1
/projects3/poi/src/examples/src/org/apache/poi/ss/examples/AddDimensionedImage.java,org.apache.poi.ss.examples.AddDimensionedImage,main/1[java.lang.String[]],EXPAND_ROW_AND_COLUMN,1
/projects3/poi/src/examples/src/org/apache/poi/ss/examples/AddDimensionedImage.java,org.apache.poi.ss.examples.AddDimensionedImage,"fitImageToColumns/4[org.apache.poi.ss.examples.Sheet,int,double,int]",EXPAND_COLUMN,1
/projects3/poi/src/examples/src/org/apache/poi/ss/examples/AddDimensionedImage.java,org.apache.poi.ss.examples.AddDimensionedImage,"fitImageToColumns/4[org.apache.poi.ss.examples.Sheet,int,double,int]",EXPAND_ROW_AND_COLUMN,1
/projects3/poi/src/examples/src/org/apache/poi/ss/examples/AddDimensionedImage.java,org.apache.poi.ss.examples.AddDimensionedImage,"fitImageToColumns/4[org.apache.poi.ss.examples.Sheet,int,double,int]",OVERLAY_ROW_AND_COLUMN,1
/projects3/poi/src/examples/src/org/apache/poi/ss/examples/AddDimensionedImage.java,org.apache.poi.ss.examples.AddDimensionedImage,"fitImageToColumns/4[org.apache.poi.ss.examples.Sheet,int,double,int]",EXPAND_ROW,1
/projects3/poi/src/examples/src/org/apache/poi/ss/examples/AddDimensionedImage.java,org.apache.poi.ss.examples.AddDimensionedImage,"fitImageToColumns/4[org.apache.poi.ss.examples.Sheet,int,double,int]",EMU_PER_MM,2
/projects3/poi/src/examples/src/org/apache/poi/ss/examples/AddDimensionedImage.java,org.apache.poi.ss.examples.AddDimensionedImage,"fitImageToRows/4[org.apache.poi.ss.examples.Sheet,int,double,int]",EXPAND_COLUMN,1
/projects3/poi/src/examples/src/org/apache/poi/ss/examples/AddDimensionedImage.java,org.apache.poi.ss.examples.AddDimensionedImage,"fitImageToRows/4[org.apache.poi.ss.examples.Sheet,int,double,int]",EXPAND_ROW_AND_COLUMN,1
/projects3/poi/src/examples/src/org/apache/poi/ss/examples/AddDimensionedImage.java,org.apache.poi.ss.examples.AddDimensionedImage,"fitImageToRows/4[org.apache.poi.ss.examples.Sheet,int,double,int]",OVERLAY_ROW_AND_COLUMN,1
/projects3/poi/src/examples/src/org/apache/poi/ss/examples/AddDimensionedImage.java,org.apache.poi.ss.examples.AddDimensionedImage,"fitImageToRows/4[org.apache.poi.ss.examples.Sheet,int,double,int]",EXPAND_ROW,1
/projects3/poi/src/examples/src/org/apache/poi/ss/examples/AddDimensionedImage.java,org.apache.poi.ss.examples.AddDimensionedImage,"fitImageToRows/4[org.apache.poi.ss.examples.Sheet,int,double,int]",EMU_PER_MM,2
/projects3/poi/src/examples/src/org/apache/poi/ss/examples/AddDimensionedImage.java,org.apache.poi.ss.examples.AddDimensionedImage$ClientAnchorDetail,getInset/0,inset,1
/projects3/poi/src/examples/src/org/apache/poi/ss/examples/AddDimensionedImage.java,org.apache.poi.ss.examples.AddDimensionedImage$ClientAnchorDetail,"ClientAnchorDetail/3[int,int,int]",toIndex,3
/projects3/poi/src/examples/src/org/apache/poi/ss/examples/AddDimensionedImage.java,org.apache.poi.ss.examples.AddDimensionedImage$ClientAnchorDetail,"ClientAnchorDetail/3[int,int,int]",inset,3
/projects3/poi/src/examples/src/org/apache/poi/ss/examples/AddDimensionedImage.java,org.apache.poi.ss.examples.AddDimensionedImage$ClientAnchorDetail,"ClientAnchorDetail/3[int,int,int]",fromIndex,3
/projects3/poi/src/examples/src/org/apache/poi/ss/examples/AddDimensionedImage.java,org.apache.poi.ss.examples.AddDimensionedImage$ClientAnchorDetail,getFromIndex/0,fromIndex,1
/projects3/poi/src/examples/src/org/apache/poi/ss/examples/AddDimensionedImage.java,org.apache.poi.ss.examples.AddDimensionedImage$ClientAnchorDetail,getToIndex/0,toIndex,1
/projects3/poi/src/examples/src/org/apache/poi/ss/examples/BusinessPlan.java,org.apache.poi.ss.examples.BusinessPlan,main/1[java.lang.String[]],data,11
/projects3/poi/src/examples/src/org/apache/poi/ss/examples/BusinessPlan.java,org.apache.poi.ss.examples.BusinessPlan,main/1[java.lang.String[]],length,0
/projects3/poi/src/examples/src/org/apache/poi/ss/examples/BusinessPlan.java,org.apache.poi.ss.examples.BusinessPlan,main/1[java.lang.String[]],i,0
/projects3/poi/src/examples/src/org/apache/poi/ss/examples/BusinessPlan.java,org.apache.poi.ss.examples.BusinessPlan,main/1[java.lang.String[]],titles,3
/projects3/poi/src/examples/src/org/apache/poi/ss/examples/html/HSSFHtmlHelper.java,org.apache.poi.ss.examples.html.HSSFHtmlHelper,"colorStyles/2[org.apache.poi.ss.examples.html.CellStyle,java.util.Formatter]",wb,1
/projects3/poi/src/examples/src/org/apache/poi/ss/examples/html/HSSFHtmlHelper.java,org.apache.poi.ss.examples.html.HSSFHtmlHelper,HSSFHtmlHelper/1[org.apache.poi.ss.examples.html.HSSFWorkbook],wb,4
/projects3/poi/src/examples/src/org/apache/poi/ss/examples/html/HSSFHtmlHelper.java,org.apache.poi.ss.examples.html.HSSFHtmlHelper,HSSFHtmlHelper/1[org.apache.poi.ss.examples.html.HSSFWorkbook],colors,1
/projects3/poi/src/examples/src/org/apache/poi/ss/examples/html/HSSFHtmlHelper.java,org.apache.poi.ss.examples.html.HSSFHtmlHelper,"styleColor/3[java.util.Formatter,java.lang.String,short]",HSSF_AUTO,1
/projects3/poi/src/examples/src/org/apache/poi/ss/examples/html/HSSFHtmlHelper.java,org.apache.poi.ss.examples.html.HSSFHtmlHelper,"styleColor/3[java.util.Formatter,java.lang.String,short]",colors,1
/projects3/poi/src/examples/src/org/apache/poi/ss/examples/html/ToHtml.java,org.apache.poi.ss.examples.html.ToHtml,printSheets/0,wb,1
/projects3/poi/src/examples/src/org/apache/poi/ss/examples/html/ToHtml.java,org.apache.poi.ss.examples.html.ToHtml,"create/2[org.apache.poi.ss.examples.html.Workbook,java.lang.Appendable]",output,2
/projects3/poi/src/examples/src/org/apache/poi/ss/examples/html/ToHtml.java,org.apache.poi.ss.examples.html.ToHtml,"create/2[org.apache.poi.ss.examples.html.Workbook,java.lang.Appendable]",wb,2
/projects3/poi/src/examples/src/org/apache/poi/ss/examples/html/ToHtml.java,org.apache.poi.ss.examples.html.ToHtml,printPage/0,output,2
/projects3/poi/src/examples/src/org/apache/poi/ss/examples/html/ToHtml.java,org.apache.poi.ss.examples.html.ToHtml,printPage/0,completeHTML,2
/projects3/poi/src/examples/src/org/apache/poi/ss/examples/html/ToHtml.java,org.apache.poi.ss.examples.html.ToHtml,printPage/0,out,8
/projects3/poi/src/examples/src/org/apache/poi/ss/examples/html/ToHtml.java,org.apache.poi.ss.examples.html.ToHtml,"create/2[java.lang.String,java.lang.Appendable]",output,2
/projects3/poi/src/examples/src/org/apache/poi/ss/examples/html/ToHtml.java,org.apache.poi.ss.examples.html.ToHtml,"ToHtml/2[org.apache.poi.ss.examples.html.Workbook,java.lang.Appendable]",output,4
/projects3/poi/src/examples/src/org/apache/poi/ss/examples/html/ToHtml.java,org.apache.poi.ss.examples.html.ToHtml,"ToHtml/2[org.apache.poi.ss.examples.html.Workbook,java.lang.Appendable]",wb,4
/projects3/poi/src/examples/src/org/apache/poi/ss/examples/html/ToHtml.java,org.apache.poi.ss.examples.html.ToHtml,styleContents/1[org.apache.poi.ss.examples.html.CellStyle],helper,1
/projects3/poi/src/examples/src/org/apache/poi/ss/examples/html/ToHtml.java,org.apache.poi.ss.examples.html.ToHtml,styleContents/1[org.apache.poi.ss.examples.html.CellStyle],VALIGN,1
/projects3/poi/src/examples/src/org/apache/poi/ss/examples/html/ToHtml.java,org.apache.poi.ss.examples.html.ToHtml,styleContents/1[org.apache.poi.ss.examples.html.CellStyle],HALIGN,1
/projects3/poi/src/examples/src/org/apache/poi/ss/examples/html/ToHtml.java,org.apache.poi.ss.examples.html.ToHtml,styleContents/1[org.apache.poi.ss.examples.html.CellStyle],out,1
/projects3/poi/src/examples/src/org/apache/poi/ss/examples/html/ToHtml.java,org.apache.poi.ss.examples.html.ToHtml,computeWidths/1[org.apache.poi.ss.examples.html.Sheet],endColumn,1
/projects3/poi/src/examples/src/org/apache/poi/ss/examples/html/ToHtml.java,org.apache.poi.ss.examples.html.ToHtml,computeWidths/1[org.apache.poi.ss.examples.html.Sheet],firstColumn,1
/projects3/poi/src/examples/src/org/apache/poi/ss/examples/html/ToHtml.java,org.apache.poi.ss.examples.html.ToHtml,computeWidths/1[org.apache.poi.ss.examples.html.Sheet],IDX_TABLE_WIDTH,1
/projects3/poi/src/examples/src/org/apache/poi/ss/examples/html/ToHtml.java,org.apache.poi.ss.examples.html.ToHtml,computeWidths/1[org.apache.poi.ss.examples.html.Sheet],IDX_HEADER_COL_WIDTH,1
/projects3/poi/src/examples/src/org/apache/poi/ss/examples/html/ToHtml.java,org.apache.poi.ss.examples.html.ToHtml,ensureColumnBounds/1[org.apache.poi.ss.examples.html.Sheet],gotBounds,2
/projects3/poi/src/examples/src/org/apache/poi/ss/examples/html/ToHtml.java,org.apache.poi.ss.examples.html.ToHtml,ensureColumnBounds/1[org.apache.poi.ss.examples.html.Sheet],endColumn,3
/projects3/poi/src/examples/src/org/apache/poi/ss/examples/html/ToHtml.java,org.apache.poi.ss.examples.html.ToHtml,ensureColumnBounds/1[org.apache.poi.ss.examples.html.Sheet],firstColumn,3
/projects3/poi/src/examples/src/org/apache/poi/ss/examples/html/ToHtml.java,org.apache.poi.ss.examples.html.ToHtml,printStyles/0,wb,2
/projects3/poi/src/examples/src/org/apache/poi/ss/examples/html/ToHtml.java,org.apache.poi.ss.examples.html.ToHtml,printStyles/0,out,1
/projects3/poi/src/examples/src/org/apache/poi/ss/examples/html/ToHtml.java,org.apache.poi.ss.examples.html.ToHtml,setupColorMap/0,helper,2
/projects3/poi/src/examples/src/org/apache/poi/ss/examples/html/ToHtml.java,org.apache.poi.ss.examples.html.ToHtml,setupColorMap/0,wb,4
/projects3/poi/src/examples/src/org/apache/poi/ss/examples/html/ToHtml.java,org.apache.poi.ss.examples.html.ToHtml,printStyle/1[org.apache.poi.ss.examples.html.CellStyle],DEFAULTS_CLASS,1
/projects3/poi/src/examples/src/org/apache/poi/ss/examples/html/ToHtml.java,org.apache.poi.ss.examples.html.ToHtml,printStyle/1[org.apache.poi.ss.examples.html.CellStyle],out,2
/projects3/poi/src/examples/src/org/apache/poi/ss/examples/html/ToHtml.java,org.apache.poi.ss.examples.html.ToHtml,styleName/1[org.apache.poi.ss.examples.html.CellStyle],wb,1
/projects3/poi/src/examples/src/org/apache/poi/ss/examples/html/ToHtml.java,org.apache.poi.ss.examples.html.ToHtml,borderStyles/1[org.apache.poi.ss.examples.html.CellStyle],BORDER,4
/projects3/poi/src/examples/src/org/apache/poi/ss/examples/html/ToHtml.java,org.apache.poi.ss.examples.html.ToHtml,"printCols/1[java.util.Map<java.lang.Integer,java.lang.Integer>]",endColumn,1
/projects3/poi/src/examples/src/org/apache/poi/ss/examples/html/ToHtml.java,org.apache.poi.ss.examples.html.ToHtml,"printCols/1[java.util.Map<java.lang.Integer,java.lang.Integer>]",firstColumn,1
/projects3/poi/src/examples/src/org/apache/poi/ss/examples/html/ToHtml.java,org.apache.poi.ss.examples.html.ToHtml,"printCols/1[java.util.Map<java.lang.Integer,java.lang.Integer>]",IDX_HEADER_COL_WIDTH,1
/projects3/poi/src/examples/src/org/apache/poi/ss/examples/html/ToHtml.java,org.apache.poi.ss.examples.html.ToHtml,"printCols/1[java.util.Map<java.lang.Integer,java.lang.Integer>]",out,2
/projects3/poi/src/examples/src/org/apache/poi/ss/examples/html/ToHtml.java,org.apache.poi.ss.examples.html.ToHtml,"styleOut/3[java.lang.String,K,java.util.Map<K,java.lang.String>]",out,1
/projects3/poi/src/examples/src/org/apache/poi/ss/examples/html/ToHtml.java,org.apache.poi.ss.examples.html.ToHtml,printSheetContent/1[org.apache.poi.ss.examples.html.Sheet],endColumn,1
/projects3/poi/src/examples/src/org/apache/poi/ss/examples/html/ToHtml.java,org.apache.poi.ss.examples.html.ToHtml,printSheetContent/1[org.apache.poi.ss.examples.html.Sheet],firstColumn,1
/projects3/poi/src/examples/src/org/apache/poi/ss/examples/html/ToHtml.java,org.apache.poi.ss.examples.html.ToHtml,printSheetContent/1[org.apache.poi.ss.examples.html.Sheet],ROW_HEAD_CLASS,1
/projects3/poi/src/examples/src/org/apache/poi/ss/examples/html/ToHtml.java,org.apache.poi.ss.examples.html.ToHtml,printSheetContent/1[org.apache.poi.ss.examples.html.Sheet],out,6
/projects3/poi/src/examples/src/org/apache/poi/ss/examples/html/ToHtml.java,org.apache.poi.ss.examples.html.ToHtml,printColumnHeads/0,endColumn,1
/projects3/poi/src/examples/src/org/apache/poi/ss/examples/html/ToHtml.java,org.apache.poi.ss.examples.html.ToHtml,printColumnHeads/0,firstColumn,1
/projects3/poi/src/examples/src/org/apache/poi/ss/examples/html/ToHtml.java,org.apache.poi.ss.examples.html.ToHtml,printColumnHeads/0,COL_HEAD_CLASS,3
/projects3/poi/src/examples/src/org/apache/poi/ss/examples/html/ToHtml.java,org.apache.poi.ss.examples.html.ToHtml,printColumnHeads/0,out,6
/projects3/poi/src/examples/src/org/apache/poi/ss/examples/html/ToHtml.java,org.apache.poi.ss.examples.html.ToHtml,printInlineStyle/0,out,2
/projects3/poi/src/examples/src/org/apache/poi/ss/examples/html/ToHtml.java,org.apache.poi.ss.examples.html.ToHtml,fontStyle/1[org.apache.poi.ss.examples.html.CellStyle],wb,1
/projects3/poi/src/examples/src/org/apache/poi/ss/examples/html/ToHtml.java,org.apache.poi.ss.examples.html.ToHtml,fontStyle/1[org.apache.poi.ss.examples.html.CellStyle],out,3
/projects3/poi/src/examples/src/org/apache/poi/ss/examples/html/ToHtml.java,org.apache.poi.ss.examples.html.ToHtml,printSheet/1[org.apache.poi.ss.examples.html.Sheet],DEFAULTS_CLASS,1
/projects3/poi/src/examples/src/org/apache/poi/ss/examples/html/ToHtml.java,org.apache.poi.ss.examples.html.ToHtml,printSheet/1[org.apache.poi.ss.examples.html.Sheet],IDX_TABLE_WIDTH,1
/projects3/poi/src/examples/src/org/apache/poi/ss/examples/html/ToHtml.java,org.apache.poi.ss.examples.html.ToHtml,printSheet/1[org.apache.poi.ss.examples.html.Sheet],out,2
/projects3/poi/src/examples/src/org/apache/poi/ss/examples/html/ToHtml.java,org.apache.poi.ss.examples.html.ToHtml,ensureOut/0,output,1
/projects3/poi/src/examples/src/org/apache/poi/ss/examples/html/ToHtml.java,org.apache.poi.ss.examples.html.ToHtml,ensureOut/0,out,2
/projects3/poi/src/examples/src/org/apache/poi/ss/examples/html/ToHtml.java,org.apache.poi.ss.examples.html.ToHtml,"create/2[java.io.InputStream,java.lang.Appendable]",output,2
/projects3/poi/src/examples/src/org/apache/poi/ss/examples/html/ToHtml.java,org.apache.poi.ss.examples.html.ToHtml,setCompleteHTML/1[boolean],completeHTML,3
/projects3/poi/src/examples/src/org/apache/poi/ss/examples/ToCSV.java,org.apache.poi.ss.examples.ToCSV,"convertExcelToCSV/3[java.lang.String,java.lang.String,java.lang.String]",EXCEL_STYLE_ESCAPING,1
/projects3/poi/src/examples/src/org/apache/poi/ss/examples/ToCSV.java,org.apache.poi.ss.examples.ToCSV,"convertExcelToCSV/3[java.lang.String,java.lang.String,java.lang.String]",separator,2
/projects3/poi/src/examples/src/org/apache/poi/ss/examples/ToCSV.java,org.apache.poi.ss.examples.ToCSV,convertToCSV/0,workbook,2
/projects3/poi/src/examples/src/org/apache/poi/ss/examples/ToCSV.java,org.apache.poi.ss.examples.ToCSV,convertToCSV/0,csvData,1
/projects3/poi/src/examples/src/org/apache/poi/ss/examples/ToCSV.java,org.apache.poi.ss.examples.ToCSV,"convertExcelToCSV/4[java.lang.String,java.lang.String,java.lang.String,int]",EXCEL_STYLE_ESCAPING,1
/projects3/poi/src/examples/src/org/apache/poi/ss/examples/ToCSV.java,org.apache.poi.ss.examples.ToCSV,"convertExcelToCSV/4[java.lang.String,java.lang.String,java.lang.String,int]",CSV_FILE_EXTENSION,1
/projects3/poi/src/examples/src/org/apache/poi/ss/examples/ToCSV.java,org.apache.poi.ss.examples.ToCSV,"convertExcelToCSV/4[java.lang.String,java.lang.String,java.lang.String,int]",formattingConvention,5
/projects3/poi/src/examples/src/org/apache/poi/ss/examples/ToCSV.java,org.apache.poi.ss.examples.ToCSV,"convertExcelToCSV/4[java.lang.String,java.lang.String,java.lang.String,int]",UNIX_STYLE_ESCAPING,1
/projects3/poi/src/examples/src/org/apache/poi/ss/examples/ToCSV.java,org.apache.poi.ss.examples.ToCSV,"convertExcelToCSV/4[java.lang.String,java.lang.String,java.lang.String,int]",separator,3
/projects3/poi/src/examples/src/org/apache/poi/ss/examples/ToCSV.java,org.apache.poi.ss.examples.ToCSV,saveCSVFile/1[java.io.File],csvData,3
/projects3/poi/src/examples/src/org/apache/poi/ss/examples/ToCSV.java,org.apache.poi.ss.examples.ToCSV,saveCSVFile/1[java.io.File],maxRowWidth,2
/projects3/poi/src/examples/src/org/apache/poi/ss/examples/ToCSV.java,org.apache.poi.ss.examples.ToCSV,saveCSVFile/1[java.io.File],separator,1
/projects3/poi/src/examples/src/org/apache/poi/ss/examples/ToCSV.java,org.apache.poi.ss.examples.ToCSV,rowToCSV/1[org.apache.poi.ss.examples.Row],formatter,2
/projects3/poi/src/examples/src/org/apache/poi/ss/examples/ToCSV.java,org.apache.poi.ss.examples.ToCSV,rowToCSV/1[org.apache.poi.ss.examples.Row],csvData,1
/projects3/poi/src/examples/src/org/apache/poi/ss/examples/ToCSV.java,org.apache.poi.ss.examples.ToCSV,rowToCSV/1[org.apache.poi.ss.examples.Row],maxRowWidth,2
/projects3/poi/src/examples/src/org/apache/poi/ss/examples/ToCSV.java,org.apache.poi.ss.examples.ToCSV,rowToCSV/1[org.apache.poi.ss.examples.Row],evaluator,1
/projects3/poi/src/examples/src/org/apache/poi/ss/examples/ToCSV.java,org.apache.poi.ss.examples.ToCSV,"convertExcelToCSV/2[java.lang.String,java.lang.String]",EXCEL_STYLE_ESCAPING,1
/projects3/poi/src/examples/src/org/apache/poi/ss/examples/ToCSV.java,org.apache.poi.ss.examples.ToCSV,"convertExcelToCSV/2[java.lang.String,java.lang.String]",DEFAULT_SEPARATOR,1
/projects3/poi/src/examples/src/org/apache/poi/ss/examples/ToCSV.java,org.apache.poi.ss.examples.ToCSV,openWorkbook/1[java.io.File],workbook,2
/projects3/poi/src/examples/src/org/apache/poi/ss/examples/ToCSV.java,org.apache.poi.ss.examples.ToCSV,openWorkbook/1[java.io.File],formatter,1
/projects3/poi/src/examples/src/org/apache/poi/ss/examples/ToCSV.java,org.apache.poi.ss.examples.ToCSV,openWorkbook/1[java.io.File],evaluator,1
/projects3/poi/src/examples/src/org/apache/poi/ss/examples/ToCSV.java,org.apache.poi.ss.examples.ToCSV,escapeEmbeddedCharacters/1[java.lang.String],EXCEL_STYLE_ESCAPING,1
/projects3/poi/src/examples/src/org/apache/poi/ss/examples/ToCSV.java,org.apache.poi.ss.examples.ToCSV,escapeEmbeddedCharacters/1[java.lang.String],formattingConvention,1
/projects3/poi/src/examples/src/org/apache/poi/ss/examples/ToCSV.java,org.apache.poi.ss.examples.ToCSV,escapeEmbeddedCharacters/1[java.lang.String],separator,4
/projects3/poi/src/examples/src/org/apache/poi/ss/examples/CalendarDemo.java,org.apache.poi.ss.examples.CalendarDemo,main/1[java.lang.String[]],months,2
/projects3/poi/src/examples/src/org/apache/poi/ss/examples/CalendarDemo.java,org.apache.poi.ss.examples.CalendarDemo,main/1[java.lang.String[]],days,4
/projects3/poi/src/examples/src/org/apache/poi/ss/examples/ExcelComparator.java,org.apache.poi.ss.examples.ExcelComparator,"isCellContentMatchesForBoolean/2[org.apache.poi.ss.examples.ExcelComparator.Locator,org.apache.poi.ss.examples.ExcelComparator.Locator]",CELL_DATA_DOES_NOT_MATCH,1
/projects3/poi/src/examples/src/org/apache/poi/ss/examples/ExcelComparator.java,org.apache.poi.ss.examples.ExcelComparator,"compareNumberOfSheets/2[org.apache.poi.ss.examples.ExcelComparator.Locator,org.apache.poi.ss.examples.ExcelComparator.Locator]",listOfDifferences,1
/projects3/poi/src/examples/src/org/apache/poi/ss/examples/ExcelComparator.java,org.apache.poi.ss.examples.ExcelComparator,"compare/2[org.apache.poi.ss.examples.Workbook,org.apache.poi.ss.examples.Workbook]",listOfDifferences,1
/projects3/poi/src/examples/src/org/apache/poi/ss/examples/ExcelComparator.java,org.apache.poi.ss.examples.ExcelComparator,"compareNumberOfColumnsInSheets/2[org.apache.poi.ss.examples.ExcelComparator.Locator,org.apache.poi.ss.examples.ExcelComparator.Locator]",listOfDifferences,1
/projects3/poi/src/examples/src/org/apache/poi/ss/examples/ExcelComparator.java,org.apache.poi.ss.examples.ExcelComparator,"compareSheetNames/2[org.apache.poi.ss.examples.ExcelComparator.Locator,org.apache.poi.ss.examples.ExcelComparator.Locator]",listOfDifferences,1
/projects3/poi/src/examples/src/org/apache/poi/ss/examples/ExcelComparator.java,org.apache.poi.ss.examples.ExcelComparator,"isCellFontBoldMatches/2[org.apache.poi.ss.examples.ExcelComparator.Locator,org.apache.poi.ss.examples.ExcelComparator.Locator]",CELL_FONT_ATTRIBUTES_DOES_NOT_MATCH,1
/projects3/poi/src/examples/src/org/apache/poi/ss/examples/ExcelComparator.java,org.apache.poi.ss.examples.ExcelComparator,"isCellContentMatchesForDate/2[org.apache.poi.ss.examples.ExcelComparator.Locator,org.apache.poi.ss.examples.ExcelComparator.Locator]",CELL_DATA_DOES_NOT_MATCH,1
/projects3/poi/src/examples/src/org/apache/poi/ss/examples/ExcelComparator.java,org.apache.poi.ss.examples.ExcelComparator,"isCellContentMatchesForFormula/2[org.apache.poi.ss.examples.ExcelComparator.Locator,org.apache.poi.ss.examples.ExcelComparator.Locator]",CELL_DATA_DOES_NOT_MATCH,1
/projects3/poi/src/examples/src/org/apache/poi/ss/examples/ExcelComparator.java,org.apache.poi.ss.examples.ExcelComparator,"addMessage/5[org.apache.poi.ss.examples.ExcelComparator.Locator,org.apache.poi.ss.examples.ExcelComparator.Locator,java.lang.String,java.lang.String,java.lang.String]",listOfDifferences,1
/projects3/poi/src/examples/src/org/apache/poi/ss/examples/ExcelComparator.java,org.apache.poi.ss.examples.ExcelComparator,"isCellContentMatchesForNumeric/2[org.apache.poi.ss.examples.ExcelComparator.Locator,org.apache.poi.ss.examples.ExcelComparator.Locator]",CELL_DATA_DOES_NOT_MATCH,1
/projects3/poi/src/examples/src/org/apache/poi/ss/examples/ExcelComparator.java,org.apache.poi.ss.examples.ExcelComparator,"isCellContentMatches/2[org.apache.poi.ss.examples.ExcelComparator.Locator,org.apache.poi.ss.examples.ExcelComparator.Locator]",CELL_DATA_DOES_NOT_MATCH,1
/projects3/poi/src/examples/src/org/apache/poi/ss/examples/ExcelComparator.java,org.apache.poi.ss.examples.ExcelComparator,"compareNumberOfRowsInSheets/2[org.apache.poi.ss.examples.ExcelComparator.Locator,org.apache.poi.ss.examples.ExcelComparator.Locator]",listOfDifferences,1
/projects3/poi/src/examples/src/org/apache/poi/ss/examples/ExcelComparator.java,org.apache.poi.ss.examples.ExcelComparator,"isCellUnderLineMatches/2[org.apache.poi.ss.examples.ExcelComparator.Locator,org.apache.poi.ss.examples.ExcelComparator.Locator]",CELL_FONT_ATTRIBUTES_DOES_NOT_MATCH,1
/projects3/poi/src/examples/src/org/apache/poi/ss/examples/ExcelComparator.java,org.apache.poi.ss.examples.ExcelComparator,"isCellFontItalicsMatches/2[org.apache.poi.ss.examples.ExcelComparator.Locator,org.apache.poi.ss.examples.ExcelComparator.Locator]",CELL_FONT_ATTRIBUTES_DOES_NOT_MATCH,1
/projects3/poi/src/examples/src/org/apache/poi/xslf/usermodel/ChartFromScratch.java,org.apache.poi.xslf.usermodel.ChartFromScratch,"setBarData/6[org.apache.poi.xslf.usermodel.XSLFChart,java.lang.String,java.lang.String[],java.lang.String[],java.lang.Double[],java.lang.Double[]]",columnCountries,4
/projects3/poi/src/examples/src/org/apache/poi/xslf/usermodel/ChartFromScratch.java,org.apache.poi.xslf.usermodel.ChartFromScratch,"setBarData/6[org.apache.poi.xslf.usermodel.XSLFChart,java.lang.String,java.lang.String[],java.lang.String[],java.lang.Double[],java.lang.Double[]]",columnLanguages,3
/projects3/poi/src/examples/src/org/apache/poi/xslf/usermodel/ChartFromScratch.java,org.apache.poi.xslf.usermodel.ChartFromScratch,"setBarData/6[org.apache.poi.xslf.usermodel.XSLFChart,java.lang.String,java.lang.String[],java.lang.String[],java.lang.Double[],java.lang.Double[]]",columnSpeakers,4
/projects3/poi/src/examples/src/org/apache/poi/xslf/usermodel/BarChartDemo.java,org.apache.poi.xslf.usermodel.BarChartDemo,"setBarData/6[org.apache.poi.xslf.usermodel.XSLFChart,java.lang.String,java.lang.String[],java.lang.String[],java.lang.Double[],java.lang.Double[]]",columnCountries,4
/projects3/poi/src/examples/src/org/apache/poi/xslf/usermodel/BarChartDemo.java,org.apache.poi.xslf.usermodel.BarChartDemo,"setBarData/6[org.apache.poi.xslf.usermodel.XSLFChart,java.lang.String,java.lang.String[],java.lang.String[],java.lang.Double[],java.lang.Double[]]",columnLanguages,3
/projects3/poi/src/examples/src/org/apache/poi/xslf/usermodel/BarChartDemo.java,org.apache.poi.xslf.usermodel.BarChartDemo,"setBarData/6[org.apache.poi.xslf.usermodel.XSLFChart,java.lang.String,java.lang.String[],java.lang.String[],java.lang.Double[],java.lang.Double[]]",columnSpeakers,4
/projects3/poi/src/examples/src/org/apache/poi/hslf/examples/TableDemo.java,org.apache.poi.hslf.examples.TableDemo,create2ndTable/1[org.apache.poi.hslf.examples.HSLFSlide],txt2,3
/projects3/poi/src/examples/src/org/apache/poi/hslf/examples/TableDemo.java,org.apache.poi.hslf.examples.TableDemo,create2ndTable/1[org.apache.poi.hslf.examples.HSLFSlide],length,0
/projects3/poi/src/examples/src/org/apache/poi/hslf/examples/TableDemo.java,org.apache.poi.hslf.examples.TableDemo,create2ndTable/1[org.apache.poi.hslf.examples.HSLFSlide],i,0
/projects3/poi/src/examples/src/org/apache/poi/hslf/examples/TableDemo.java,org.apache.poi.hslf.examples.TableDemo,create1stTable/1[org.apache.poi.hslf.examples.HSLFSlide],getPageSize,0
/projects3/poi/src/examples/src/org/apache/poi/hslf/examples/TableDemo.java,org.apache.poi.hslf.examples.TableDemo,create1stTable/1[org.apache.poi.hslf.examples.HSLFSlide],slide,0
/projects3/poi/src/examples/src/org/apache/poi/hslf/examples/TableDemo.java,org.apache.poi.hslf.examples.TableDemo,create1stTable/1[org.apache.poi.hslf.examples.HSLFSlide],txt1,3
/projects3/poi/src/examples/src/org/apache/poi/hslf/examples/TableDemo.java,org.apache.poi.hslf.examples.TableDemo,create1stTable/1[org.apache.poi.hslf.examples.HSLFSlide],length,0
/projects3/poi/src/examples/src/org/apache/poi/hslf/examples/TableDemo.java,org.apache.poi.hslf.examples.TableDemo,create1stTable/1[org.apache.poi.hslf.examples.HSLFSlide],width,0
/projects3/poi/src/examples/src/org/apache/poi/hslf/examples/TableDemo.java,org.apache.poi.hslf.examples.TableDemo,create1stTable/1[org.apache.poi.hslf.examples.HSLFSlide],i,0
/projects3/poi/src/examples/src/org/apache/poi/hslf/examples/TableDemo.java,org.apache.poi.hslf.examples.TableDemo,create1stTable/1[org.apache.poi.hslf.examples.HSLFSlide],getSlideShow,0
/projects3/poi/src/examples/src/org/apache/poi/hslf/examples/DataExtraction.java,org.apache.poi.hslf.examples.DataExtraction,main/1[java.lang.String[]],extension,0
/projects3/poi/src/examples/src/org/apache/poi/hslf/examples/DataExtraction.java,org.apache.poi.hslf.examples.DataExtraction,main/1[java.lang.String[]],data,0
/projects3/poi/src/examples/src/org/apache/poi/hslf/examples/DataExtraction.java,org.apache.poi.hslf.examples.DataExtraction,main/1[java.lang.String[]],getType,0
/projects3/poi/src/examples/src/org/apache/poi/hslf/examples/ApacheconEU08.java,org.apache.poi.hslf.examples.ApacheconEU08,"slide4/1[org.apache.poi.hslf.examples.SlideShow<?,?>]",txt1,0
/projects3/poi/src/examples/src/org/apache/poi/hslf/examples/ApacheconEU08.java,org.apache.poi.hslf.examples.ApacheconEU08,"slide4/1[org.apache.poi.hslf.examples.SlideShow<?,?>]",length,0
/projects3/poi/src/examples/src/org/apache/poi/hslf/examples/ApacheconEU08.java,org.apache.poi.hslf.examples.ApacheconEU08,"slide4/1[org.apache.poi.hslf.examples.SlideShow<?,?>]",i,0
